t_ns,j1,j2,j3,j4,j5,j6
1790896377136128384,-0.07072,-0.05941,0.02300,-0.00398,-0.04301,-0.04093
1790896377437324192,-0.14144,-0.11882,0.04600,-0.00796,-0.08602,-0.08186
1790896377738914432,-0.21216,-0.17823,0.06900,-0.01194,-0.12903,-0.12279
1790896378040209504,-0.28288,-0.23764,0.09200,-0.01592,-0.17204,-0.16372
1790896378341416288,-0.35360,-0.29705,0.11500,-0.01990,-0.21505,-0.20465
1790896378643020224,-0.42432,-0.35646,0.13800,-0.02388,-0.25806,-0.24558
1790896378943883200,-0.49504,-0.41587,0.16100,-0.02786,-0.30107,-0.28651
1790896379245186976,-0.56576,-0.47528,0.18400,-0.03184,-0.34408,-0.32744
1790896379546417024,-0.63648,-0.53469,0.20700,-0.03582,-0.38709,-0.36837
1790896379847945760,-0.70720,-0.59410,0.23000,-0.03980,-0.43010,-0.40930
1790896380675767136,-0.69340,-0.62527,0.25168,-0.01685,-0.41902,-0.36021
1790896380977575552,-0.67960,-0.65644,0.27336,0.00610,-0.40794,-0.31112
1790896381278790304,-0.66580,-0.68761,0.29504,0.02905,-0.39686,-0.26203
1790896381579949568,-0.65200,-0.71878,0.31672,0.05200,-0.38578,-0.21294
1790896381881408960,-0.63820,-0.74995,0.33840,0.07495,-0.37470,-0.16385
1790896382181951808,-0.62440,-0.78112,0.36008,0.09790,-0.36362,-0.11476
1790896382483726560,-0.61060,-0.81229,0.38176,0.12085,-0.35254,-0.06567
1790896382784979424,-0.59680,-0.84346,0.40344,0.14380,-0.34146,-0.01658
1790896383087055040,-0.58300,-0.87463,0.42512,0.16675,-0.33038,0.03251
1790896383388384288,-0.56920,-0.90580,0.44680,0.18970,-0.31930,0.08160
1790896383695099840,-0.58300,-0.87463,0.42512,0.16675,-0.33038,0.03251
1790896383996743552,-0.59680,-0.84346,0.40344,0.14380,-0.34146,-0.01658
1790896384298321792,-0.61060,-0.81229,0.38176,0.12085,-0.35254,-0.06567
1790896384600178656,-0.62440,-0.78112,0.36008,0.09790,-0.36362,-0.11476
1790896384901459712,-0.63820,-0.74995,0.33840,0.07495,-0.37470,-0.16385
1790896385202798944,-0.65200,-0.71878,0.31672,0.05200,-0.38578,-0.21294
1790896385504809632,-0.66580,-0.68761,0.29504,0.02905,-0.39686,-0.26203
1790896385806540736,-0.67960,-0.65644,0.27336,0.00610,-0.40794,-0.31112
1790896386107631648,-0.69340,-0.62527,0.25168,-0.01685,-0.41902,-0.36021
1790896386408599968,-0.70720,-0.59410,0.23000,-0.03980,-0.43010,-0.40930
1790896386714687872,-0.69216,-0.59557,0.23014,-0.02573,-0.36063,-0.36107
1790896387016038912,-0.67712,-0.59704,0.23028,-0.01166,-0.29116,-0.31284
1790896387317245024,-0.66208,-0.59851,0.23042,0.00241,-0.22169,-0.26461
1790896387618469664,-0.64704,-0.59998,0.23056,0.01648,-0.15222,-0.21638
1790896387919232896,-0.63200,-0.60145,0.23070,0.03055,-0.08275,-0.16815
1790896388220730976,-0.61696,-0.60292,0.23084,0.04462,-0.01328,-0.11992
1790896388522259424,-0.60192,-0.60439,0.23098,0.05869,0.05619,-0.07169
1790896388823517888,-0.58688,-0.60586,0.23112,0.07276,0.12566,-0.02346
1790896389125036640,-0.57184,-0.60733,0.23126,0.08683,0.19513,0.02477
1790896389426163776,-0.55680,-0.60880,0.23140,0.10090,0.26460,0.07300
1790896389732604192,-0.57184,-0.60733,0.23126,0.08683,0.19513,0.02477
1790896390034114240,-0.58688,-0.60586,0.23112,0.07276,0.12566,-0.02346
1790896390335195168,-0.60192,-0.60439,0.23098,0.05869,0.05619,-0.07169
1790896390636938304,-0.61696,-0.60292,0.23084,0.04462,-0.01328,-0.11992
1790896390938181856,-0.63200,-0.60145,0.23070,0.03055,-0.08275,-0.16815
1790896391239531328,-0.64704,-0.59998,0.23056,0.01648,-0.15222,-0.21638
1790896391540744640,-0.66208,-0.59851,0.23042,0.00241,-0.22169,-0.26461
1790896391842086304,-0.67712,-0.59704,0.23028,-0.01166,-0.29116,-0.31284
1790896392143679648,-0.69216,-0.59557,0.23014,-0.02573,-0.36063,-0.36107
1790896392445175456,-0.70720,-0.59410,0.23000,-0.03980,-0.43010,-0.40930
1790896392750561664,-0.71287,-0.59775,0.24044,-0.05879,-0.43119,-0.34155
1790896393052398592,-0.71854,-0.60140,0.25088,-0.07778,-0.43228,-0.27380
1790896393353719232,-0.72421,-0.60505,0.26132,-0.09677,-0.43337,-0.20605
1790896393654988704,-0.72988,-0.60870,0.27176,-0.11576,-0.43446,-0.13830
1790896393956285056,-0.73555,-0.61235,0.28220,-0.13475,-0.43555,-0.07055
1790896394257743616,-0.74122,-0.61600,0.29264,-0.15374,-0.43664,-0.00280
1790896394559021536,-0.74689,-0.61965,0.30308,-0.17273,-0.43773,0.06495
1790896394860088928,-0.75256,-0.62330,0.31352,-0.19172,-0.43882,0.13270
1790896395161476800,-0.75823,-0.62695,0.32396,-0.21071,-0.43991,0.20045
1790896395463052032,-0.76390,-0.63060,0.33440,-0.22970,-0.44100,0.26820
1790896395769906144,-0.74443,-0.65812,0.34564,-0.18776,-0.42883,0.24954
1790896396070809376,-0.72496,-0.68564,0.35688,-0.14582,-0.41666,0.23088
1790896396371813088,-0.70549,-0.71316,0.36812,-0.10388,-0.40449,0.21222
1790896396673090912,-0.68602,-0.74068,0.37936,-0.06194,-0.39232,0.19356
1790896396974295232,-0.66655,-0.76820,0.39060,-0.02000,-0.38015,0.17490
1790896397275362016,-0.64708,-0.79572,0.40184,0.02194,-0.36798,0.15624
1790896397576530176,-0.62761,-0.82324,0.41308,0.06388,-0.35581,0.13758
1790896397877713760,-0.60814,-0.85076,0.42432,0.10582,-0.34364,0.11892
1790896398178994592,-0.58867,-0.87828,0.43556,0.14776,-0.33147,0.10026
1790896398480363552,-0.56920,-0.90580,0.44680,0.18970,-0.31930,0.08160
1790896398786269984,-0.57159,-0.89541,0.45340,0.19302,-0.32931,0.06836
1790896399087507264,-0.57398,-0.88502,0.46000,0.19634,-0.33932,0.05512
1790896399388502112,-0.57637,-0.87463,0.46660,0.19966,-0.34933,0.04188
1790896399689754176,-0.57876,-0.86424,0.47320,0.20298,-0.35934,0.02864
1790896399991132416,-0.58115,-0.85385,0.47980,0.20630,-0.36935,0.01540
1790896400292578176,-0.58354,-0.84346,0.48640,0.20962,-0.37936,0.00216
1790896400593656352,-0.58593,-0.83307,0.49300,0.21294,-0.38937,-0.01108
1790896400895205280,-0.58832,-0.82268,0.49960,0.21626,-0.39938,-0.02432
1790896401196316992,-0.59071,-0.81229,0.50620,0.21958,-0.40939,-0.03756
1790896401497664800,-0.59310,-0.80190,0.51280,0.22290,-0.41940,-0.05080
1790896401804710912,-0.60451,-0.78112,0.48452,0.19663,-0.42047,-0.08665
1790896402106967264,-0.61592,-0.76034,0.45624,0.17036,-0.42154,-0.12250
1790896402408216224,-0.62733,-0.73956,0.42796,0.14409,-0.42261,-0.15835
1790896402709334976,-0.63874,-0.71878,0.39968,0.11782,-0.42368,-0.19420
1790896403010493056,-0.65015,-0.69800,0.37140,0.09155,-0.42475,-0.23005
1790896403311681312,-0.66156,-0.67722,0.34312,0.06528,-0.42582,-0.26590
1790896403613190624,-0.67297,-0.65644,0.31484,0.03901,-0.42689,-0.30175
1790896403914682048,-0.68438,-0.63566,0.28656,0.01274,-0.42796,-0.33760
1790896404215888768,-0.69579,-0.61488,0.25828,-0.01353,-0.42903,-0.37345
1790896404517099520,-0.70720,-0.59410,0.23000,-0.03980,-0.43010,-0.40930
1790896404825078336,-0.67915,-0.59589,0.27413,-0.05006,-0.43668,-0.37648
1790896405126138720,-0.65110,-0.59768,0.31826,-0.06032,-0.44326,-0.34366
1790896405427353088,-0.62305,-0.59947,0.36239,-0.07058,-0.44984,-0.31084
1790896405728789856,-0.59500,-0.60126,0.40652,-0.08084,-0.45642,-0.27802
1790896406030093440,-0.56695,-0.60305,0.45065,-0.09110,-0.46300,-0.24520
1790896406331399616,-0.53890,-0.60484,0.49478,-0.10136,-0.46958,-0.21238
1790896406632724096,-0.51085,-0.60663,0.53891,-0.11162,-0.47616,-0.17956
1790896406933833664,-0.48280,-0.60842,0.58304,-0.12188,-0.48274,-0.14674
1790896407235365920,-0.45475,-0.61021,0.62717,-0.13214,-0.48932,-0.11392
1790896407536960256,-0.42670,-0.61200,0.67130,-0.14240,-0.49590,-0.08110
1790896407843053984,-0.43971,-0.61168,0.62731,-0.11807,-0.41985,-0.06569
1790896408144257856,-0.45272,-0.61136,0.58332,-0.09374,-0.34380,-0.05028
1790896408445592160,-0.46573,-0.61104,0.53933,-0.06941,-0.26775,-0.03487
1790896408746810560,-0.47874,-0.61072,0.49534,-0.04508,-0.19170,-0.01946
1790896409048399296,-0.49175,-0.61040,0.45135,-0.02075,-0.11565,-0.00405
1790896409349543776,-0.50476,-0.61008,0.40736,0.00358,-0.03960,0.01136
1790896409651239584,-0.51777,-0.60976,0.36337,0.02791,0.03645,0.02677
1790896409952472896,-0.53078,-0.60944,0.31938,0.05224,0.11250,0.04218
1790896410253905376,-0.54379,-0.60912,0.27539,0.07657,0.18855,0.05759
1790896410555315136,-0.55680,-0.60880,0.23140,0.10090,0.26460,0.07300
1790896410862010016,-0.51834,-0.61600,0.23654,0.09887,0.19436,0.02243
1790896411163307872,-0.47988,-0.62320,0.24168,0.09684,0.12412,-0.02814
1790896411464661952,-0.44142,-0.63040,0.24682,0.09481,0.05388,-0.07871
1790896411765969056,-0.40296,-0.63760,0.25196,0.09278,-0.01636,-0.12928
1790896412067507424,-0.36450,-0.64480,0.25710,0.09075,-0.08660,-0.17985
1790896412368585440,-0.32604,-0.65200,0.26224,0.08872,-0.15684,-0.23042
1790896412670233792,-0.28758,-0.65920,0.26738,0.08669,-0.22708,-0.28099
1790896412971232992,-0.24912,-0.66640,0.27252,0.08466,-0.29732,-0.33156
1790896413272788416,-0.21066,-0.67360,0.27766,0.08263,-0.36756,-0.38213
1790896413574180544,-0.17220,-0.68080,0.28280,0.08060,-0.43780,-0.43270
1790896413880479936,-0.21190,-0.70330,0.29920,0.09151,-0.42595,-0.38127
1790896414181654560,-0.25160,-0.72580,0.31560,0.10242,-0.41410,-0.32984
1790896414483161184,-0.29130,-0.74830,0.33200,0.11333,-0.40225,-0.27841
1790896414784761760,-0.33100,-0.77080,0.34840,0.12424,-0.39040,-0.22698
1790896415085775488,-0.37070,-0.79330,0.36480,0.13515,-0.37855,-0.17555
1790896415387283840,-0.41040,-0.81580,0.38120,0.14606,-0.36670,-0.12412
1790896415688871392,-0.45010,-0.83830,0.39760,0.15697,-0.35485,-0.07269
1790896415989884192,-0.48980,-0.86080,0.41400,0.16788,-0.34300,-0.02126
1790896416291564576,-0.52950,-0.88330,0.43040,0.17879,-0.33115,0.03017
1790896416592858912,-0.56920,-0.90580,0.44680,0.18970,-0.31930,0.08160
1790896416899786720,-0.55888,-0.90224,0.44932,0.14388,-0.33735,0.03857
1790896417201056512,-0.54856,-0.89868,0.45184,0.09806,-0.35540,-0.00446
1790896417502330016,-0.53824,-0.89512,0.45436,0.05224,-0.37345,-0.04749
1790896417803727744,-0.52792,-0.89156,0.45688,0.00642,-0.39150,-0.09052
1790896418107120736,-0.51760,-0.88800,0.45940,-0.03940,-0.40955,-0.13355
1790896418408560320,-0.50728,-0.88444,0.46192,-0.08522,-0.42760,-0.17658
1790896418709536064,-0.49696,-0.88088,0.46444,-0.13104,-0.44565,-0.21961
1790896419011167136,-0.48664,-0.87732,0.46696,-0.17686,-0.46370,-0.26264
1790896419312510880,-0.47632,-0.87376,0.46948,-0.22268,-0.48175,-0.30567
1790896419614018016,-0.46600,-0.87020,0.47200,-0.26850,-0.49980,-0.34870
1790896419920521184,-0.49579,-0.84624,0.45824,-0.26462,-0.49392,-0.28701
1790896420221762432,-0.52558,-0.82228,0.44448,-0.26074,-0.48804,-0.22532
1790896420523080544,-0.55537,-0.79832,0.43072,-0.25686,-0.48216,-0.16363
1790896420824320832,-0.58516,-0.77436,0.41696,-0.25298,-0.47628,-0.10194
1790896421125622112,-0.61495,-0.75040,0.40320,-0.24910,-0.47040,-0.04025
1790896421427144192,-0.64474,-0.72644,0.38944,-0.24522,-0.46452,0.02144
1790896421728337472,-0.67453,-0.70248,0.37568,-0.24134,-0.45864,0.08313
1790896422029904512,-0.70432,-0.67852,0.36192,-0.23746,-0.45276,0.14482
1790896422330868800,-0.73411,-0.65456,0.34816,-0.23358,-0.44688,0.20651
1790896422632360352,-0.76390,-0.63060,0.33440,-0.22970,-0.44100,0.26820
1790896422939081792,-0.75128,-0.63845,0.32300,-0.18427,-0.38549,0.20624
1790896423240118816,-0.73866,-0.64630,0.31160,-0.13884,-0.32998,0.14428
1790896423541361760,-0.72604,-0.65415,0.30020,-0.09341,-0.27447,0.08232
1790896423842804416,-0.71342,-0.66200,0.28880,-0.04798,-0.21896,0.02036
1790896424144101664,-0.70080,-0.66985,0.27740,-0.00255,-0.16345,-0.04160
1790896424445416704,-0.68818,-0.67770,0.26600,0.04288,-0.10794,-0.10356
1790896424746772512,-0.67556,-0.68555,0.25460,0.08831,-0.05243,-0.16552
1790896425048117696,-0.66294,-0.69340,0.24320,0.13374,0.00308,-0.22748
1790896425349312160,-0.65032,-0.70125,0.23180,0.17917,0.05859,-0.28944
1790896425650733984,-0.63770,-0.70910,0.22040,0.22460,0.11410,-0.35140
1790896425959749888,-0.63085,-0.72877,0.24304,0.22111,0.07076,-0.30810
1790896426259111776,-0.62400,-0.74844,0.26568,0.21762,0.02742,-0.26480
1790896426560365728,-0.61715,-0.76811,0.28832,0.21413,-0.01592,-0.22150
1790896426861631136,-0.61030,-0.78778,0.31096,0.21064,-0.05926,-0.17820
1790896427162907936,-0.60345,-0.80745,0.33360,0.20715,-0.10260,-0.13490
1790896427464244032,-0.59660,-0.82712,0.35624,0.20366,-0.14594,-0.09160
1790896427765590592,-0.58975,-0.84679,0.37888,0.20017,-0.18928,-0.04830
1790896428066924320,-0.58290,-0.86646,0.40152,0.19668,-0.23262,-0.00500
1790896428368278560,-0.57605,-0.88613,0.42416,0.19319,-0.27596,0.03830
1790896428669743776,-0.56920,-0.90580,0.44680,0.18970,-0.31930,0.08160
1790896428976510624,-0.55192,-0.88743,0.45125,0.14810,-0.25248,0.12275
1790896429277365536,-0.53464,-0.86906,0.45570,0.10650,-0.18566,0.16390
1790896429578507552,-0.51736,-0.85069,0.46015,0.06490,-0.11884,0.20505
1790896429879647552,-0.50008,-0.83232,0.46460,0.02330,-0.05202,0.24620
1790896430180955264,-0.48280,-0.81395,0.46905,-0.01830,0.01480,0.28735
1790896430482323904,-0.46552,-0.79558,0.47350,-0.05990,0.08162,0.32850
1790896430783600992,-0.44824,-0.77721,0.47795,-0.10150,0.14844,0.36965
1790896431084930880,-0.43096,-0.75884,0.48240,-0.14310,0.21526,0.41080
1790896431386289440,-0.41368,-0.74047,0.48685,-0.18470,0.28208,0.45195
1790896431687589440,-0.39640,-0.72210,0.49130,-0.22630,0.34890,0.49310
1790896431991980064,-0.41607,-0.73008,0.49345,-0.18138,0.27207,0.43871
1790896432293207808,-0.43574,-0.73806,0.49560,-0.13646,0.19524,0.38432
1790896432594441952,-0.45541,-0.74604,0.49775,-0.09154,0.11841,0.32993
1790896432895884448,-0.47508,-0.75402,0.49990,-0.04662,0.04158,0.27554
1790896433197410848,-0.49475,-0.76200,0.50205,-0.00170,-0.03525,0.22115
1790896433498742368,-0.51442,-0.76998,0.50420,0.04322,-0.11208,0.16676
1790896433800056832,-0.53409,-0.77796,0.50635,0.08814,-0.18891,0.11237
1790896434101645024,-0.55376,-0.78594,0.50850,0.13306,-0.26574,0.05798
1790896434403422752,-0.57343,-0.79392,0.51065,0.17798,-0.34257,0.00359
1790896434706356800,-0.59310,-0.80190,0.51280,0.22290,-0.41940,-0.05080
1790896435012745376,-0.57201,-0.79237,0.49488,0.21693,-0.37420,-0.01781
1790896435313670048,-0.55092,-0.78284,0.47696,0.21096,-0.32900,0.01518
1790896435615110656,-0.52983,-0.77331,0.45904,0.20499,-0.28380,0.04817
1790896435916384608,-0.50874,-0.76378,0.44112,0.19902,-0.23860,0.08116
1790896436217562496,-0.48765,-0.75425,0.42320,0.19305,-0.19340,0.11415
1790896436518741024,-0.46656,-0.74472,0.40528,0.18708,-0.14820,0.14714
1790896436820244736,-0.44547,-0.73519,0.38736,0.18111,-0.10300,0.18013
1790896437121425056,-0.42438,-0.72566,0.36944,0.17514,-0.05780,0.21312
1790896437422989664,-0.40329,-0.71613,0.35152,0.16917,-0.01260,0.24611
1790896437724030336,-0.38220,-0.70660,0.33360,0.16320,0.03260,0.27910
1790896438030777984,-0.39966,-0.69682,0.32338,0.15697,0.05580,0.25849
1790896438331887712,-0.41712,-0.68704,0.31316,0.15074,0.07900,0.23788
1790896438633406816,-0.43458,-0.67726,0.30294,0.14451,0.10220,0.21727
1790896438934714272,-0.45204,-0.66748,0.29272,0.13828,0.12540,0.19666
1790896439236156800,-0.46950,-0.65770,0.28250,0.13205,0.14860,0.17605
1790896439537381056,-0.48696,-0.64792,0.27228,0.12582,0.17180,0.15544
1790896439838894400,-0.50442,-0.63814,0.26206,0.11959,0.19500,0.13483
1790896440140186560,-0.52188,-0.62836,0.25184,0.11336,0.21820,0.11422
1790896440441560224,-0.53934,-0.61858,0.24162,0.10713,0.24140,0.09361
1790896440742918272,-0.55680,-0.60880,0.23140,0.10090,0.26460,0.07300
1790896441049636736,-0.57665,-0.62557,0.24899,0.10236,0.28379,0.06042
1790896441351192640,-0.59650,-0.64234,0.26658,0.10382,0.30298,0.04784
1790896441652558400,-0.61635,-0.65911,0.28417,0.10528,0.32217,0.03526
1790896441953847840,-0.63620,-0.67588,0.30176,0.10674,0.34136,0.02268
1790896442255167808,-0.65605,-0.69265,0.31935,0.10820,0.36055,0.01010
1790896442556229728,-0.67590,-0.70942,0.33694,0.10966,0.37974,-0.00248
1790896442857589280,-0.69575,-0.72619,0.35453,0.11112,0.39893,-0.01506
1790896443158826784,-0.71560,-0.74296,0.37212,0.11258,0.41812,-0.02764
1790896443460084064,-0.73545,-0.75973,0.38971,0.11404,0.43731,-0.04022
1790896443761660032,-0.75530,-0.77650,0.40730,0.11550,0.45650,-0.05280
1790896444068815232,-0.72244,-0.76005,0.43370,0.08971,0.36126,-0.05563
1790896444369904608,-0.68958,-0.74360,0.46010,0.06392,0.26602,-0.05846
1790896444671226272,-0.65672,-0.72715,0.48650,0.03813,0.17078,-0.06129
1790896444972049184,-0.62386,-0.71070,0.51290,0.01234,0.07554,-0.06412
1790896445273388096,-0.59100,-0.69425,0.53930,-0.01345,-0.01970,-0.06695
1790896445574920416,-0.55814,-0.67780,0.56570,-0.03924,-0.11494,-0.06978
1790896445875889920,-0.52528,-0.66135,0.59210,-0.06503,-0.21018,-0.07261
1790896446177197952,-0.49242,-0.64490,0.61850,-0.09082,-0.30542,-0.07544
1790896446478525728,-0.45956,-0.62845,0.64490,-0.11661,-0.40066,-0.07827
1790896446779882720,-0.42670,-0.61200,0.67130,-0.14240,-0.49590,-0.08110
1790896447088473984,-0.43256,-0.63445,0.67410,-0.10414,-0.41227,-0.07504
1790896447389923680,-0.43842,-0.65690,0.67690,-0.06588,-0.32864,-0.06898
1790896447691226688,-0.44428,-0.67935,0.67970,-0.02762,-0.24501,-0.06292
1790896447992535136,-0.45014,-0.70180,0.68250,0.01064,-0.16138,-0.05686
1790896448293863008,-0.45600,-0.72425,0.68530,0.04890,-0.07775,-0.05080
1790896448595440224,-0.46186,-0.74670,0.68810,0.08716,0.00588,-0.04474
1790896448896813184,-0.46772,-0.76915,0.69090,0.12542,0.08951,-0.03868
1790896449198116128,-0.47358,-0.79160,0.69370,0.16368,0.17314,-0.03262
1790896449499497888,-0.47944,-0.81405,0.69650,0.20194,0.25677,-0.02656
1790896449801150912,-0.48530,-0.83650,0.69930,0.24020,0.34040,-0.02050
1790896450112212704,-0.49245,-0.81373,0.65251,0.22627,0.33282,-0.01115
1790896450413009888,-0.49960,-0.79096,0.60572,0.21234,0.32524,-0.00180
1790896450714276736,-0.50675,-0.76819,0.55893,0.19841,0.31766,0.00755
1790896451015829024,-0.51390,-0.74542,0.51214,0.18448,0.31008,0.01690
1790896451317147712,-0.52105,-0.72265,0.46535,0.17055,0.30250,0.02625
1790896451618501792,-0.52820,-0.69988,0.41856,0.15662,0.29492,0.03560
1790896451919794144,-0.53535,-0.67711,0.37177,0.14269,0.28734,0.04495
1790896452221299008,-0.54250,-0.65434,0.32498,0.12876,0.27976,0.05430
1790896452522623936,-0.54965,-0.63157,0.27819,0.11483,0.27218,0.06365
1790896452824004320,-0.55680,-0.60880,0.23140,0.10090,0.26460,0.07300
1790896453130488224,-0.53962,-0.61440,0.23875,0.11541,0.22352,0.06152
1790896453433520096,-0.52244,-0.62000,0.24610,0.12992,0.18244,0.05004
1790896453734849568,-0.50526,-0.62560,0.25345,0.14443,0.14136,0.03856
1790896454036365728,-0.48808,-0.63120,0.26080,0.15894,0.10028,0.02708
1790896454337489024,-0.47090,-0.63680,0.26815,0.17345,0.05920,0.01560
1790896454638905984,-0.45372,-0.64240,0.27550,0.18796,0.01812,0.00412
1790896454940175840,-0.43654,-0.64800,0.28285,0.20247,-0.02296,-0.00736
1790896455241659552,-0.41936,-0.65360,0.29020,0.21698,-0.06404,-0.01884
1790896455542944288,-0.40218,-0.65920,0.29755,0.23149,-0.10512,-0.03032
1790896455844143264,-0.38500,-0.66480,0.30490,0.24600,-0.14620,-0.04180
1790896456150942848,-0.36372,-0.66640,0.30269,0.22946,-0.17536,-0.08089
1790896456452059392,-0.34244,-0.66800,0.30048,0.21292,-0.20452,-0.11998
1790896456753283648,-0.32116,-0.66960,0.29827,0.19638,-0.23368,-0.15907
1790896457054937120,-0.29988,-0.67120,0.29606,0.17984,-0.26284,-0.19816
1790896457356114528,-0.27860,-0.67280,0.29385,0.16330,-0.29200,-0.23725
1790896457657548320,-0.25732,-0.67440,0.29164,0.14676,-0.32116,-0.27634
1790896457958809152,-0.23604,-0.67600,0.28943,0.13022,-0.35032,-0.31543
1790896458260319424,-0.21476,-0.67760,0.28722,0.11368,-0.37948,-0.35452
1790896458561523552,-0.19348,-0.67920,0.28501,0.09714,-0.40864,-0.39361
1790896458863008736,-0.17220,-0.68080,0.28280,0.08060,-0.43780,-0.43270
1790896459167586848,-0.20740,-0.67484,0.33254,0.07593,-0.41142,-0.38760
1790896459468909376,-0.24260,-0.66888,0.38228,0.07126,-0.38504,-0.34250
1790896459770491008,-0.27780,-0.66292,0.43202,0.06659,-0.35866,-0.29740
1790896460071915936,-0.31300,-0.65696,0.48176,0.06192,-0.33228,-0.25230
1790896460373009344,-0.34820,-0.65100,0.53150,0.05725,-0.30590,-0.20720
1790896460674472928,-0.38340,-0.64504,0.58124,0.05258,-0.27952,-0.16210
1790896460975978432,-0.41860,-0.63908,0.63098,0.04791,-0.25314,-0.11700
1790896461277246944,-0.45380,-0.63312,0.68072,0.04324,-0.22676,-0.07190
1790896461578543200,-0.48900,-0.62716,0.73046,0.03857,-0.20038,-0.02680
1790896461879934976,-0.52420,-0.62120,0.78020,0.03390,-0.17400,0.01830
1790896462186655776,-0.54817,-0.62214,0.73562,0.00754,-0.20070,0.04329
1790896462487545664,-0.57214,-0.62308,0.69104,-0.01882,-0.22740,0.06828
1790896462788692192,-0.59611,-0.62402,0.64646,-0.04518,-0.25410,0.09327
1790896463090245056,-0.62008,-0.62496,0.60188,-0.07154,-0.28080,0.11826
1790896463391556160,-0.64405,-0.62590,0.55730,-0.09790,-0.30750,0.14325
1790896463693097536,-0.66802,-0.62684,0.51272,-0.12426,-0.33420,0.16824
1790896463994691168,-0.69199,-0.62778,0.46814,-0.15062,-0.36090,0.19323
1790896464296014400,-0.71596,-0.62872,0.42356,-0.17698,-0.38760,0.21822
1790896464597216768,-0.73993,-0.62966,0.37898,-0.20334,-0.41430,0.24321
1790896464898472064,-0.76390,-0.63060,0.33440,-0.22970,-0.44100,0.26820
1790896465205591744,-0.75590,-0.64829,0.32681,-0.19656,-0.36851,0.28108
1790896465507438720,-0.74790,-0.66598,0.31922,-0.16342,-0.29602,0.29396
1790896465808721536,-0.73990,-0.68367,0.31163,-0.13028,-0.22353,0.30684
1790896466109982144,-0.73190,-0.70136,0.30404,-0.09714,-0.15104,0.31972
1790896466411599744,-0.72390,-0.71905,0.29645,-0.06400,-0.07855,0.33260
1790896466712957664,-0.71590,-0.73674,0.28886,-0.03086,-0.00606,0.34548
1790896467014299232,-0.70790,-0.75443,0.28127,0.00228,0.06643,0.35836
1790896467315544864,-0.69990,-0.77212,0.27368,0.03542,0.13892,0.37124
1790896467617127040,-0.69190,-0.78981,0.26609,0.06856,0.21141,0.38412
1790896467918420960,-0.68390,-0.80750,0.25850,0.10170,0.28390,0.39700
1790896468225138336,-0.66211,-0.81377,0.27985,0.06468,0.20553,0.32243
1790896468526463904,-0.64032,-0.82004,0.30120,0.02766,0.12716,0.24786
1790896468827755456,-0.61853,-0.82631,0.32255,-0.00936,0.04879,0.17329
1790896469129081504,-0.59674,-0.83258,0.34390,-0.04638,-0.02958,0.09872
1790896469430406144,-0.57495,-0.83885,0.36525,-0.08340,-0.10795,0.02415
1790896469731874432,-0.55316,-0.84512,0.38660,-0.12042,-0.18632,-0.05042
1790896470033306560,-0.53137,-0.85139,0.40795,-0.15744,-0.26469,-0.12499
1790896470334513248,-0.50958,-0.85766,0.42930,-0.19446,-0.34306,-0.19956
1790896470635872768,-0.48779,-0.86393,0.45065,-0.23148,-0.42143,-0.27413
1790896470937226528,-0.46600,-0.87020,0.47200,-0.26850,-0.49980,-0.34870
1790896471246200736,-0.47469,-0.82589,0.49762,-0.26307,-0.41154,-0.26708
1790896471546241248,-0.48338,-0.78158,0.52324,-0.25764,-0.32328,-0.18546
1790896471847220768,-0.49207,-0.73727,0.54886,-0.25221,-0.23502,-0.10384
1790896472148772480,-0.50076,-0.69296,0.57448,-0.24678,-0.14676,-0.02222
1790896472449949440,-0.50945,-0.64865,0.60010,-0.24135,-0.05850,0.05940
1790896472751478944,-0.51814,-0.60434,0.62572,-0.23592,0.02976,0.14102
1790896473052654464,-0.52683,-0.56003,0.65134,-0.23049,0.11802,0.22264
1790896473354185568,-0.53552,-0.51572,0.67696,-0.22506,0.20628,0.30426
1790896473655537056,-0.54421,-0.47141,0.70258,-0.21963,0.29454,0.38588
1790896473956927968,-0.55290,-0.42710,0.72820,-0.21420,0.38280,0.46750
1790896474263435776,-0.57400,-0.44745,0.68882,-0.21575,0.30042,0.44757
1790896474564593088,-0.59510,-0.46780,0.64944,-0.21730,0.21804,0.42764
1790896474866113920,-0.61620,-0.48815,0.61006,-0.21885,0.13566,0.40771
1790896475167370880,-0.63730,-0.50850,0.57068,-0.22040,0.05328,0.38778
1790896475468651936,-0.65840,-0.52885,0.53130,-0.22195,-0.02910,0.36785
1790896475771050784,-0.67950,-0.54920,0.49192,-0.22350,-0.11148,0.34792
1790896476071392928,-0.70060,-0.56955,0.45254,-0.22505,-0.19386,0.32799
1790896476372933760,-0.72170,-0.58990,0.41316,-0.22660,-0.27624,0.30806
1790896476674209408,-0.74280,-0.61025,0.37378,-0.22815,-0.35862,0.28813
1790896476975444480,-0.76390,-0.63060,0.33440,-0.22970,-0.44100,0.26820
1790896477282156832,-0.73238,-0.59134,0.35282,-0.20749,-0.34791,0.27462
1790896477583639488,-0.70086,-0.55208,0.37124,-0.18528,-0.25482,0.28104
1790896477884871584,-0.66934,-0.51282,0.38966,-0.16307,-0.16173,0.28746
1790896478186053664,-0.63782,-0.47356,0.40808,-0.14086,-0.06864,0.29388
1790896478487483232,-0.60630,-0.43430,0.42650,-0.11865,0.02445,0.30030
1790896478789228960,-0.57478,-0.39504,0.44492,-0.09644,0.11754,0.30672
1790896479090554720,-0.54326,-0.35578,0.46334,-0.07423,0.21063,0.31314
1790896479392181408,-0.51174,-0.31652,0.48176,-0.05202,0.30372,0.31956
1790896479693747552,-0.48022,-0.27726,0.50018,-0.02981,0.39681,0.32598
1790896479994857312,-0.44870,-0.23800,0.51860,-0.00760,0.48990,0.33240
1790896480302245600,-0.46760,-0.28511,0.48878,0.01562,0.45232,0.26402
1790896480603666496,-0.48650,-0.33222,0.45896,0.03884,0.41474,0.19564
1790896480907055104,-0.50540,-0.37933,0.42914,0.06206,0.37716,0.12726
1790896481208586240,-0.52430,-0.42644,0.39932,0.08528,0.33958,0.05888
1790896481509417280,-0.54320,-0.47355,0.36950,0.10850,0.30200,-0.00950
1790896481810845984,-0.56210,-0.52066,0.33968,0.13172,0.26442,-0.07788
1790896482112280320,-0.58100,-0.56777,0.30986,0.15494,0.22684,-0.14626
1790896482413644704,-0.59990,-0.61488,0.28004,0.17816,0.18926,-0.21464
1790896482714947360,-0.61880,-0.66199,0.25022,0.20138,0.15168,-0.28302
1790896483016432000,-0.63770,-0.70910,0.22040,0.22460,0.11410,-0.35140
1790896483324021088,-0.62810,-0.70367,0.25961,0.19249,0.07226,-0.33441
1790896483625264128,-0.61850,-0.69824,0.29882,0.16038,0.03042,-0.31742
1790896483926626624,-0.60890,-0.69281,0.33803,0.12827,-0.01142,-0.30043
1790896484227930272,-0.59930,-0.68738,0.37724,0.09616,-0.05326,-0.28344
1790896484529236992,-0.58970,-0.68195,0.41645,0.06405,-0.09510,-0.26645
1790896484830758816,-0.58010,-0.67652,0.45566,0.03194,-0.13694,-0.24946
1790896485131711328,-0.57050,-0.67109,0.49487,-0.00017,-0.17878,-0.23247
1790896485433515104,-0.56090,-0.66566,0.53408,-0.03228,-0.22062,-0.21548
1790896485734643520,-0.55130,-0.66023,0.57329,-0.06439,-0.26246,-0.19849
1790896486036356064,-0.54170,-0.65480,0.61250,-0.09650,-0.30430,-0.18150
1790896486345110656,-0.54684,-0.66951,0.60253,-0.06456,-0.31581,-0.16843
1790896486645307776,-0.55198,-0.68422,0.59256,-0.03262,-0.32732,-0.15536
1790896486946608032,-0.55712,-0.69893,0.58259,-0.00068,-0.33883,-0.14229
1790896487247857056,-0.56226,-0.71364,0.57262,0.03126,-0.35034,-0.12922
1790896487549156896,-0.56740,-0.72835,0.56265,0.06320,-0.36185,-0.11615
1790896487850700832,-0.57254,-0.74306,0.55268,0.09514,-0.37336,-0.10308
1790896488151915648,-0.57768,-0.75777,0.54271,0.12708,-0.38487,-0.09001
1790896488453387040,-0.58282,-0.77248,0.53274,0.15902,-0.39638,-0.07694
1790896488754801792,-0.58796,-0.78719,0.52277,0.19096,-0.40789,-0.06387
1790896489056331520,-0.59310,-0.80190,0.51280,0.22290,-0.41940,-0.05080
1790896489362977856,-0.59703,-0.80046,0.48469,0.21735,-0.40042,-0.08276
1790896489664222336,-0.60096,-0.79902,0.45658,0.21180,-0.38144,-0.11472
1790896489965479488,-0.60489,-0.79758,0.42847,0.20625,-0.36246,-0.14668
1790896490266553312,-0.60882,-0.79614,0.40036,0.20070,-0.34348,-0.17864
1790896490567643072,-0.61275,-0.79470,0.37225,0.19515,-0.32450,-0.21060
1790896490868790432,-0.61668,-0.79326,0.34414,0.18960,-0.30552,-0.24256
1790896491170133472,-0.62061,-0.79182,0.31603,0.18405,-0.28654,-0.27452
1790896491471149952,-0.62454,-0.79038,0.28792,0.17850,-0.26756,-0.30648
1790896491772835680,-0.62847,-0.78894,0.25981,0.17295,-0.24858,-0.33844
1790896492074152960,-0.63240,-0.78750,0.23170,0.16740,-0.22960,-0.37040
1790896492382084832,-0.60880,-0.78096,0.25766,0.12803,-0.17175,-0.28405
1790896492681409504,-0.58520,-0.77442,0.28362,0.08866,-0.11390,-0.19770
1790896492982914816,-0.56160,-0.76788,0.30958,0.04929,-0.05605,-0.11135
1790896493284165568,-0.53800,-0.76134,0.33554,0.00992,0.00180,-0.02500
1790896493585336480,-0.51440,-0.75480,0.36150,-0.02945,0.05965,0.06135
1790896493886733280,-0.49080,-0.74826,0.38746,-0.06882,0.11750,0.14770
1790896494187721664,-0.46720,-0.74172,0.41342,-0.10819,0.17535,0.23405
1790896494489128672,-0.44360,-0.73518,0.43938,-0.14756,0.23320,0.32040
1790896494790500672,-0.42000,-0.72864,0.46534,-0.18693,0.29105,0.40675
1790896495091777184,-0.39640,-0.72210,0.49130,-0.22630,0.34890,0.49310
1790896495399077504,-0.42517,-0.67482,0.51293,-0.18557,0.27238,0.47941
1790896495700009920,-0.45394,-0.62754,0.53456,-0.14484,0.19586,0.46572
1790896496001571264,-0.48271,-0.58026,0.55619,-0.10411,0.11934,0.45203
1790896496302898976,-0.51148,-0.53298,0.57782,-0.06338,0.04282,0.43834
1790896496604105440,-0.54025,-0.48570,0.59945,-0.02265,-0.03370,0.42465
1790896496906728096,-0.56902,-0.43842,0.62108,0.01808,-0.11022,0.41096
1790896497208189088,-0.59779,-0.39114,0.64271,0.05881,-0.18674,0.39727
1790896497509636640,-0.62656,-0.34386,0.66434,0.09954,-0.26326,0.38358
1790896497810639232,-0.65533,-0.29658,0.68597,0.14027,-0.33978,0.36989
1790896498111747584,-0.68410,-0.24930,0.70760,0.18100,-0.41630,0.35620
1790896498418849184,-0.67500,-0.30456,0.68812,0.18519,-0.41661,0.31550
1790896498720319424,-0.66590,-0.35982,0.66864,0.18938,-0.41692,0.27480
1790896499021523168,-0.65680,-0.41508,0.64916,0.19357,-0.41723,0.23410
1790896499322758528,-0.64770,-0.47034,0.62968,0.19776,-0.41754,0.19340
1790896499624068960,-0.63860,-0.52560,0.61020,0.20195,-0.41785,0.15270
1790896499925297376,-0.62950,-0.58086,0.59072,0.20614,-0.41816,0.11200
1790896500226500224,-0.62040,-0.63612,0.57124,0.21033,-0.41847,0.07130
1790896500527807392,-0.61130,-0.69138,0.55176,0.21452,-0.41878,0.03060
1790896500829413632,-0.60220,-0.74664,0.53228,0.21871,-0.41909,-0.01010
1790896501130332736,-0.59310,-0.80190,0.51280,0.22290,-0.41940,-0.05080
1790896501437142784,-0.60313,-0.75269,0.51782,0.19096,-0.37215,-0.00305
1790896501738540736,-0.61316,-0.70348,0.52284,0.15902,-0.32490,0.04470
1790896502039820320,-0.62319,-0.65427,0.52786,0.12708,-0.27765,0.09245
1790896502341295168,-0.63322,-0.60506,0.53288,0.09514,-0.23040,0.14020
1790896502642245888,-0.64325,-0.55585,0.53790,0.06320,-0.18315,0.18795
1790896502943623744,-0.65328,-0.50664,0.54292,0.03126,-0.13590,0.23570
1790896503244796384,-0.66331,-0.45743,0.54794,-0.00068,-0.08865,0.28345
1790896503546185312,-0.67334,-0.40822,0.55296,-0.03262,-0.04140,0.33120
1790896503847472352,-0.68337,-0.35901,0.55798,-0.06456,0.00585,0.37895
1790896504148343072,-0.69340,-0.30980,0.56300,-0.09650,0.05310,0.42670
1790896504455275264,-0.66228,-0.34948,0.54006,-0.07053,0.05105,0.41194
1790896504756194304,-0.63116,-0.38916,0.51712,-0.04456,0.04900,0.39718
1790896505057369888,-0.60004,-0.42884,0.49418,-0.01859,0.04695,0.38242
1790896505358470624,-0.56892,-0.46852,0.47124,0.00738,0.04490,0.36766
1790896505659502848,-0.53780,-0.50820,0.44830,0.03335,0.04285,0.35290
1790896505960711904,-0.50668,-0.54788,0.42536,0.05932,0.04080,0.33814
1790896506261912288,-0.47556,-0.58756,0.40242,0.08529,0.03875,0.32338
1790896506563055776,-0.44444,-0.62724,0.37948,0.11126,0.03670,0.30862
1790896506864283616,-0.41332,-0.66692,0.35654,0.13723,0.03465,0.29386
1790896507166743200,-0.38220,-0.70660,0.33360,0.16320,0.03260,0.27910
1790896507471938176,-0.38112,-0.72560,0.36239,0.13119,-0.00971,0.21733
1790896507772976384,-0.38004,-0.74460,0.39118,0.09918,-0.05202,0.15556
1790896508074518304,-0.37896,-0.76360,0.41997,0.06717,-0.09433,0.09379
1790896508375787424,-0.37788,-0.78260,0.44876,0.03516,-0.13664,0.03202
1790896508677076160,-0.37680,-0.80160,0.47755,0.00315,-0.17895,-0.02975
1790896508978237024,-0.37572,-0.82060,0.50634,-0.02886,-0.22126,-0.09152
1790896509279515680,-0.37464,-0.83960,0.53513,-0.06087,-0.26357,-0.15329
1790896509580768032,-0.37356,-0.85860,0.56392,-0.09288,-0.30588,-0.21506
1790896509882013408,-0.37248,-0.87760,0.59271,-0.12489,-0.34819,-0.27683
1790896510183565824,-0.37140,-0.89660,0.62150,-0.15690,-0.39050,-0.33860
1790896510490163328,-0.37693,-0.86814,0.62648,-0.15545,-0.40104,-0.31285
1790896510791650432,-0.38246,-0.83968,0.63146,-0.15400,-0.41158,-0.28710
1790896511093284896,-0.38799,-0.81122,0.63644,-0.15255,-0.42212,-0.26135
1790896511394623680,-0.39352,-0.78276,0.64142,-0.15110,-0.43266,-0.23560
1790896511696193664,-0.39905,-0.75430,0.64640,-0.14965,-0.44320,-0.20985
1790896511997453280,-0.40458,-0.72584,0.65138,-0.14820,-0.45374,-0.18410
1790896512298974656,-0.41011,-0.69738,0.65636,-0.14675,-0.46428,-0.15835
1790896512600184832,-0.41564,-0.66892,0.66134,-0.14530,-0.47482,-0.13260
1790896512901561920,-0.42117,-0.64046,0.66632,-0.14385,-0.48536,-0.10685
1790896513202785728,-0.42670,-0.61200,0.67130,-0.14240,-0.49590,-0.08110
1790896513512697088,-0.45597,-0.63466,0.64913,-0.13986,-0.42036,-0.09399
1790896513813859424,-0.48524,-0.65732,0.62696,-0.13732,-0.34482,-0.10688
1790896514115122368,-0.51451,-0.67998,0.60479,-0.13478,-0.26928,-0.11977
1790896514416375104,-0.54378,-0.70264,0.58262,-0.13224,-0.19374,-0.13266
1790896514717610688,-0.57305,-0.72530,0.56045,-0.12970,-0.11820,-0.14555
1790896515019150080,-0.60232,-0.74796,0.53828,-0.12716,-0.04266,-0.15844
1790896515320351488,-0.63159,-0.77062,0.51611,-0.12462,0.03288,-0.17133
1790896515621577408,-0.66086,-0.79328,0.49394,-0.12208,0.10842,-0.18422
1790896515922515680,-0.69013,-0.81594,0.47177,-0.11954,0.18396,-0.19711
1790896516223827776,-0.71940,-0.83860,0.44960,-0.11700,0.25950,-0.21000
1790896516530365856,-0.72299,-0.83239,0.44537,-0.09375,0.27920,-0.19428
1790896516831259936,-0.72658,-0.82618,0.44114,-0.07050,0.29890,-0.17856
1790896517132560384,-0.73017,-0.81997,0.43691,-0.04725,0.31860,-0.16284
1790896517433883232,-0.73376,-0.81376,0.43268,-0.02400,0.33830,-0.14712
1790896517735179488,-0.73735,-0.80755,0.42845,-0.00075,0.35800,-0.13140
1790896518036694240,-0.74094,-0.80134,0.42422,0.02250,0.37770,-0.11568
1790896518337929632,-0.74453,-0.79513,0.41999,0.04575,0.39740,-0.09996
1790896518639283328,-0.74812,-0.78892,0.41576,0.06900,0.41710,-0.08424
1790896518940572576,-0.75171,-0.78271,0.41153,0.09225,0.43680,-0.06852
1790896519241576224,-0.75530,-0.77650,0.40730,0.11550,0.45650,-0.05280
1790896519549229952,-0.69502,-0.77105,0.39092,0.08174,0.36792,-0.02343
1790896519848962944,-0.63474,-0.76560,0.37454,0.04798,0.27934,0.00594
1790896520149979520,-0.57446,-0.76015,0.35816,0.01422,0.19076,0.03531
1790896520451110912,-0.51418,-0.75470,0.34178,-0.01954,0.10218,0.06468
1790896520752177440,-0.45390,-0.74925,0.32540,-0.05330,0.01360,0.09405
1790896521053541888,-0.39362,-0.74380,0.30902,-0.08706,-0.07498,0.12342
1790896521354853728,-0.33334,-0.73835,0.29264,-0.12082,-0.16356,0.15279
1790896521655949248,-0.27306,-0.73290,0.27626,-0.15458,-0.25214,0.18216
1790896521957000384,-0.21278,-0.72745,0.25988,-0.18834,-0.34072,0.21153
1790896522258275968,-0.15250,-0.72200,0.24350,-0.22210,-0.42930,0.24090
1790896522564747456,-0.17992,-0.71100,0.28628,-0.21413,-0.43596,0.20870
1790896522865546560,-0.20734,-0.70000,0.32906,-0.20616,-0.44262,0.17650
1790896523166831296,-0.23476,-0.68900,0.37184,-0.19819,-0.44928,0.14430
1790896523468139136,-0.26218,-0.67800,0.41462,-0.19022,-0.45594,0.11210
1790896523769580896,-0.28960,-0.66700,0.45740,-0.18225,-0.46260,0.07990
1790896524070938400,-0.31702,-0.65600,0.50018,-0.17428,-0.46926,0.04770
1790896524372279456,-0.34444,-0.64500,0.54296,-0.16631,-0.47592,0.01550
1790896524673542784,-0.37186,-0.63400,0.58574,-0.15834,-0.48258,-0.01670
1790896524974994144,-0.39928,-0.62300,0.62852,-0.15037,-0.48924,-0.04890
1790896525275999008,-0.42670,-0.61200,0.67130,-0.14240,-0.49590,-0.08110
1790896525582841856,-0.42313,-0.63774,0.63093,-0.10768,-0.40926,-0.05594
1790896525882251232,-0.41956,-0.66348,0.59056,-0.07296,-0.32262,-0.03078
1790896526183731968,-0.41599,-0.68922,0.55019,-0.03824,-0.23598,-0.00562
1790896526484683840,-0.41242,-0.71496,0.50982,-0.00352,-0.14934,0.01954
1790896526786078176,-0.40885,-0.74070,0.46945,0.03120,-0.06270,0.04470
1790896527087671168,-0.40528,-0.76644,0.42908,0.06592,0.02394,0.06986
1790896527388793984,-0.40171,-0.79218,0.38871,0.10064,0.11058,0.09502
1790896527690070720,-0.39814,-0.81792,0.34834,0.13536,0.19722,0.12018
1790896527991539904,-0.39457,-0.84366,0.30797,0.17008,0.28386,0.14534
1790896528292847808,-0.39100,-0.86940,0.26760,0.20480,0.37050,0.17050
1790896528599539296,-0.40043,-0.86611,0.31077,0.20834,0.36749,0.15140
1790896528900618304,-0.40986,-0.86282,0.35394,0.21188,0.36448,0.13230
1790896529201924448,-0.41929,-0.85953,0.39711,0.21542,0.36147,0.11320
1790896529503304192,-0.42872,-0.85624,0.44028,0.21896,0.35846,0.09410
1790896529804687904,-0.43815,-0.85295,0.48345,0.22250,0.35545,0.07500
1790896530107131808,-0.44758,-0.84966,0.52662,0.22604,0.35244,0.05590
1790896530408679008,-0.45701,-0.84637,0.56979,0.22958,0.34943,0.03680
1790896530710035168,-0.46644,-0.84308,0.61296,0.23312,0.34642,0.01770
1790896531011740128,-0.47587,-0.83979,0.65613,0.23666,0.34341,-0.00140
1790896531312548224,-0.48530,-0.83650,0.69930,0.24020,0.34040,-0.02050
1790896531619402144,-0.47166,-0.83347,0.67281,0.21375,0.27211,-0.02387
1790896531920901312,-0.45802,-0.83044,0.64632,0.18730,0.20382,-0.02724
1790896532222348224,-0.44438,-0.82741,0.61983,0.16085,0.13553,-0.03061
1790896532523819552,-0.43074,-0.82438,0.59334,0.13440,0.06724,-0.03398
1790896532825205888,-0.41710,-0.82135,0.56685,0.10795,-0.00105,-0.03735
1790896533126441504,-0.40346,-0.81832,0.54036,0.08150,-0.06934,-0.04072
1790896533427906944,-0.38982,-0.81529,0.51387,0.05505,-0.13763,-0.04409
1790896533729047136,-0.37618,-0.81226,0.48738,0.02860,-0.20592,-0.04746
1790896534030608192,-0.36254,-0.80923,0.46089,0.00215,-0.27421,-0.05083
1790896534331597888,-0.34890,-0.80620,0.43440,-0.02430,-0.34250,-0.05420
1790896534638026592,-0.33123,-0.79366,0.41924,-0.01381,-0.35203,-0.09205
1790896534939773856,-0.31356,-0.78112,0.40408,-0.00332,-0.36156,-0.12990
1790896535241009952,-0.29589,-0.76858,0.38892,0.00717,-0.37109,-0.16775
1790896535542193984,-0.27822,-0.75604,0.37376,0.01766,-0.38062,-0.20560
1790896535843397344,-0.26055,-0.74350,0.35860,0.02815,-0.39015,-0.24345
1790896536144553920,-0.24288,-0.73096,0.34344,0.03864,-0.39968,-0.28130
1790896536446220000,-0.22521,-0.71842,0.32828,0.04913,-0.40921,-0.31915
1790896536747364448,-0.20754,-0.70588,0.31312,0.05962,-0.41874,-0.35700
1790896537048598816,-0.18987,-0.69334,0.29796,0.07011,-0.42827,-0.39485
1790896537349900288,-0.17220,-0.68080,0.28280,0.08060,-0.43780,-0.43270
1790896537656058208,-0.18545,-0.68419,0.27461,0.06544,-0.39656,-0.38915
1790896537957514176,-0.19870,-0.68758,0.26642,0.05028,-0.35532,-0.34560
1790896538259059424,-0.21195,-0.69097,0.25823,0.03512,-0.31408,-0.30205
1790896538560230176,-0.22520,-0.69436,0.25004,0.01996,-0.27284,-0.25850
1790896538861456608,-0.23845,-0.69775,0.24185,0.00480,-0.23160,-0.21495
1790896539162616480,-0.25170,-0.70114,0.23366,-0.01036,-0.19036,-0.17140
1790896539464132864,-0.26495,-0.70453,0.22547,-0.02552,-0.14912,-0.12785
1790896539764900160,-0.27820,-0.70792,0.21728,-0.04068,-0.10788,-0.08430
1790896540066445472,-0.29145,-0.71131,0.20909,-0.05584,-0.06664,-0.04075
1790896540368000832,-0.30470,-0.71470,0.20090,-0.07100,-0.02540,0.00280
1790896540674405312,-0.31273,-0.70971,0.21130,-0.03930,-0.03748,-0.00166
1790896540975717568,-0.32076,-0.70472,0.22170,-0.00760,-0.04956,-0.00612
1790896541277053632,-0.32879,-0.69973,0.23210,0.02410,-0.06164,-0.01058
1790896541578140448,-0.33682,-0.69474,0.24250,0.05580,-0.07372,-0.01504
1790896541879345984,-0.34485,-0.68975,0.25290,0.08750,-0.08580,-0.01950
1790896542180582880,-0.35288,-0.68476,0.26330,0.11920,-0.09788,-0.02396
1790896542482027968,-0.36091,-0.67977,0.27370,0.15090,-0.10996,-0.02842
1790896542783137184,-0.36894,-0.67478,0.28410,0.18260,-0.12204,-0.03288
1790896543084660064,-0.37697,-0.66979,0.29450,0.21430,-0.13412,-0.03734
1790896543385925760,-0.38500,-0.66480,0.30490,0.24600,-0.14620,-0.04180
1790896543692326592,-0.39434,-0.65794,0.29481,0.20725,-0.17260,-0.04767
1790896543993701088,-0.40368,-0.65108,0.28472,0.16850,-0.19900,-0.05354
1790896544294868448,-0.41302,-0.64422,0.27463,0.12975,-0.22540,-0.05941
1790896544596374752,-0.42236,-0.63736,0.26454,0.09100,-0.25180,-0.06528
1790896544897631904,-0.43170,-0.63050,0.25445,0.05225,-0.27820,-0.07115
1790896545198679040,-0.44104,-0.62364,0.24436,0.01350,-0.30460,-0.07702
1790896545499852032,-0.45038,-0.61678,0.23427,-0.02525,-0.33100,-0.08289
1790896545801208384,-0.45972,-0.60992,0.22418,-0.06400,-0.35740,-0.08876
1790896546102519968,-0.46906,-0.60306,0.21409,-0.10275,-0.38380,-0.09463
1790896546404099680,-0.47840,-0.59620,0.20400,-0.14150,-0.41020,-0.10050
1790896546715520096,-0.44778,-0.60466,0.21188,-0.11929,-0.41296,-0.13372
1790896547017184608,-0.41716,-0.61312,0.21976,-0.09708,-0.41572,-0.16694
1790896547318507392,-0.38654,-0.62158,0.22764,-0.07487,-0.41848,-0.20016
1790896547620059104,-0.35592,-0.63004,0.23552,-0.05266,-0.42124,-0.23338
1790896547920822976,-0.32530,-0.63850,0.24340,-0.03045,-0.42400,-0.26660
1790896548222618912,-0.29468,-0.64696,0.25128,-0.00824,-0.42676,-0.29982
1790896548523663328,-0.26406,-0.65542,0.25916,0.01397,-0.42952,-0.33304
1790896548825313824,-0.23344,-0.66388,0.26704,0.03618,-0.43228,-0.36626
1790896549126127072,-0.20282,-0.67234,0.27492,0.05839,-0.43504,-0.39948
1790896549427759264,-0.17220,-0.68080,0.28280,0.08060,-0.43780,-0.43270
1790896549733432672,-0.22831,-0.71092,0.29886,0.05651,-0.38546,-0.38651
1790896550034772512,-0.28442,-0.74104,0.31492,0.03242,-0.33312,-0.34032
1790896550336052064,-0.34053,-0.77116,0.33098,0.00833,-0.28078,-0.29413
1790896550637414464,-0.39664,-0.80128,0.34704,-0.01576,-0.22844,-0.24794
1790896550938706144,-0.45275,-0.83140,0.36310,-0.03985,-0.17610,-0.20175
1790896551239712800,-0.50886,-0.86152,0.37916,-0.06394,-0.12376,-0.15556
1790896551540950880,-0.56497,-0.89164,0.39522,-0.08803,-0.07142,-0.10937
1790896551842458016,-0.62108,-0.92176,0.41128,-0.11212,-0.01908,-0.06318
1790896552143470880,-0.67719,-0.95188,0.42734,-0.13621,0.03326,-0.01699
1790896552444695680,-0.73330,-0.98200,0.44340,-0.16030,0.08560,0.02920
1790896552751929152,-0.71239,-0.94592,0.47708,-0.14088,0.05964,0.02811
1790896553053397344,-0.69148,-0.90984,0.51076,-0.12146,0.03368,0.02702
1790896553354745152,-0.67057,-0.87376,0.54444,-0.10204,0.00772,0.02593
1790896553656236480,-0.64966,-0.83768,0.57812,-0.08262,-0.01824,0.02484
1790896553956811456,-0.62875,-0.80160,0.61180,-0.06320,-0.04420,0.02375
1790896554258273280,-0.60784,-0.76552,0.64548,-0.04378,-0.07016,0.02266
1790896554559293728,-0.58693,-0.72944,0.67916,-0.02436,-0.09612,0.02157
1790896554860953664,-0.56602,-0.69336,0.71284,-0.00494,-0.12208,0.02048
1790896555161880416,-0.54511,-0.65728,0.74652,0.01448,-0.14804,0.01939
1790896555463439136,-0.52420,-0.62120,0.78020,0.03390,-0.17400,0.01830
1790896555769539808,-0.53499,-0.59221,0.76686,0.03818,-0.14398,0.03454
1790896556071174144,-0.54578,-0.56322,0.75352,0.04246,-0.11396,0.05078
1790896556372534624,-0.55657,-0.53423,0.74018,0.04674,-0.08394,0.06702
1790896556674265024,-0.56736,-0.50524,0.72684,0.05102,-0.05392,0.08326
1790896556975271936,-0.57815,-0.47625,0.71350,0.05530,-0.02390,0.09950
1790896557276260704,-0.58894,-0.44726,0.70016,0.05958,0.00612,0.11574
1790896557577591392,-0.59973,-0.41827,0.68682,0.06386,0.03614,0.13198
1790896557879298912,-0.61052,-0.38928,0.67348,0.06814,0.06616,0.14822
1790896558180342688,-0.62131,-0.36029,0.66014,0.07242,0.09618,0.16446
1790896558481534208,-0.63210,-0.33130,0.64680,0.07670,0.12620,0.18070
1790896558788400608,-0.61549,-0.38519,0.62932,0.04218,0.06360,0.12776
1790896559090152544,-0.59888,-0.43908,0.61184,0.00766,0.00100,0.07482
1790896559391279616,-0.58227,-0.49297,0.59436,-0.02686,-0.06160,0.02188
1790896559692812192,-0.56566,-0.54686,0.57688,-0.06138,-0.12420,-0.03106
1790896559994352032,-0.54905,-0.60075,0.55940,-0.09590,-0.18680,-0.08400
1790896560295927296,-0.53244,-0.65464,0.54192,-0.13042,-0.24940,-0.13694
1790896560597468640,-0.51583,-0.70853,0.52444,-0.16494,-0.31200,-0.18988
1790896560899225920,-0.49922,-0.76242,0.50696,-0.19946,-0.37460,-0.24282
1790896561200424800,-0.48261,-0.81631,0.48948,-0.23398,-0.43720,-0.29576
1790896561501799712,-0.46600,-0.87020,0.47200,-0.26850,-0.49980,-0.34870
1790896561808667584,-0.47581,-0.86286,0.50426,-0.25338,-0.44304,-0.36258
1790896562109693344,-0.48562,-0.85552,0.53652,-0.23826,-0.38628,-0.37646
1790896562411138880,-0.49543,-0.84818,0.56878,-0.22314,-0.32952,-0.39034
1790896562712555776,-0.50524,-0.84084,0.60104,-0.20802,-0.27276,-0.40422
1790896563013705120,-0.51505,-0.83350,0.63330,-0.19290,-0.21600,-0.41810
1790896563314833984,-0.52486,-0.82616,0.66556,-0.17778,-0.15924,-0.43198
1790896563616034816,-0.53467,-0.81882,0.69782,-0.16266,-0.10248,-0.44586
1790896563917166752,-0.54448,-0.81148,0.73008,-0.14754,-0.04572,-0.45974
1790896564218425920,-0.55429,-0.80414,0.76234,-0.13242,0.01104,-0.47362
1790896564519590976,-0.56410,-0.79680,0.79460,-0.11730,0.06780,-0.48750
1790896564826058592,-0.57608,-0.79787,0.74099,-0.09540,0.08941,-0.39905
1790896565127173280,-0.58806,-0.79894,0.68738,-0.07350,0.11102,-0.31060
1790896565428353280,-0.60004,-0.80001,0.63377,-0.05160,0.13263,-0.22215
1790896565729620800,-0.61202,-0.80108,0.58016,-0.02970,0.15424,-0.13370
1790896566031243104,-0.62400,-0.80215,0.52655,-0.00780,0.17585,-0.04525
1790896566332442976,-0.63598,-0.80322,0.47294,0.01410,0.19746,0.04320
1790896566633658432,-0.64796,-0.80429,0.41933,0.03600,0.21907,0.13165
1790896566935024928,-0.65994,-0.80536,0.36572,0.05790,0.24068,0.22010
1790896567236314400,-0.67192,-0.80643,0.31211,0.07980,0.26229,0.30855
1790896567537460544,-0.68390,-0.80750,0.25850,0.10170,0.28390,0.39700
1790896567844305024,-0.68580,-0.80525,0.30641,0.10306,0.27308,0.33639
1790896568145574208,-0.68770,-0.80300,0.35432,0.10442,0.26226,0.27578
1790896568446962656,-0.68960,-0.80075,0.40223,0.10578,0.25144,0.21517
1790896568748449472,-0.69150,-0.79850,0.45014,0.10714,0.24062,0.15456
1790896569049878528,-0.69340,-0.79625,0.49805,0.10850,0.22980,0.09395
1790896569351165984,-0.69530,-0.79400,0.54596,0.10986,0.21898,0.03334
1790896569652542880,-0.69720,-0.79175,0.59387,0.11122,0.20816,-0.02727
1790896569953995168,-0.69910,-0.78950,0.64178,0.11258,0.19734,-0.08788
1790896570255382112,-0.70100,-0.78725,0.68969,0.11394,0.18652,-0.14849
1790896570556700864,-0.70290,-0.78500,0.73760,0.11530,0.17570,-0.20910
1790896570863649472,-0.67921,-0.79352,0.71104,0.07692,0.10815,-0.22306
1790896571164650720,-0.65552,-0.80204,0.68448,0.03854,0.04060,-0.23702
1790896571465875104,-0.63183,-0.81056,0.65792,0.00016,-0.02695,-0.25098
1790896571767680960,-0.60814,-0.81908,0.63136,-0.03822,-0.09450,-0.26494
1790896572069074336,-0.58445,-0.82760,0.60480,-0.07660,-0.16205,-0.27890
1790896572370346336,-0.56076,-0.83612,0.57824,-0.11498,-0.22960,-0.29286
1790896572671646176,-0.53707,-0.84464,0.55168,-0.15336,-0.29715,-0.30682
1790896572972975456,-0.51338,-0.85316,0.52512,-0.19174,-0.36470,-0.32078
1790896573274236768,-0.48969,-0.86168,0.49856,-0.23012,-0.43225,-0.33474
1790896573575552160,-0.46600,-0.87020,0.47200,-0.26850,-0.49980,-0.34870
1790896573881929824,-0.49883,-0.84384,0.48086,-0.25353,-0.48575,-0.32943
1790896574183462496,-0.53166,-0.81748,0.48972,-0.23856,-0.47170,-0.31016
1790896574484839392,-0.56449,-0.79112,0.49858,-0.22359,-0.45765,-0.29089
1790896574785998656,-0.59732,-0.76476,0.50744,-0.20862,-0.44360,-0.27162
1790896575087580672,-0.63015,-0.73840,0.51630,-0.19365,-0.42955,-0.25235
1790896575389116928,-0.66298,-0.71204,0.52516,-0.17868,-0.41550,-0.23308
1790896575690469088,-0.69581,-0.68568,0.53402,-0.16371,-0.40145,-0.21381
1790896575991937952,-0.72864,-0.65932,0.54288,-0.14874,-0.38740,-0.19454
1790896576293253376,-0.76147,-0.63296,0.55174,-0.13377,-0.37335,-0.17527
1790896576594424704,-0.79430,-0.60660,0.56060,-0.11880,-0.35930,-0.15600
1790896576901065632,-0.77016,-0.58865,0.57736,-0.12834,-0.28509,-0.09365
1790896577202577280,-0.74602,-0.57070,0.59412,-0.13788,-0.21088,-0.03130
1790896577503510752,-0.72188,-0.55275,0.61088,-0.14742,-0.13667,0.03105
1790896577804986304,-0.69774,-0.53480,0.62764,-0.15696,-0.06246,0.09340
1790896578107282272,-0.67360,-0.51685,0.64440,-0.16650,0.01175,0.15575
1790896578408685568,-0.64946,-0.49890,0.66116,-0.17604,0.08596,0.21810
1790896578709937568,-0.62532,-0.48095,0.67792,-0.18558,0.16017,0.28045
1790896579011313824,-0.60118,-0.46300,0.69468,-0.19512,0.23438,0.34280
1790896579312554528,-0.57704,-0.44505,0.71144,-0.20466,0.30859,0.40515
1790896579613855936,-0.55290,-0.42710,0.72820,-0.21420,0.38280,0.46750
1790896579921742784,-0.52704,-0.41717,0.67552,-0.17774,0.37843,0.38275
1790896580222406560,-0.50118,-0.40724,0.62284,-0.14128,0.37406,0.29800
1790896580523460864,-0.47532,-0.39731,0.57016,-0.10482,0.36969,0.21325
1790896580824653920,-0.44946,-0.38738,0.51748,-0.06836,0.36532,0.12850
1790896581125857344,-0.42360,-0.37745,0.46480,-0.03190,0.36095,0.04375
1790896581427185408,-0.39774,-0.36752,0.41212,0.00456,0.35658,-0.04100
1790896581728484544,-0.37188,-0.35759,0.35944,0.04102,0.35221,-0.12575
1790896582029750112,-0.34602,-0.34766,0.30676,0.07748,0.34784,-0.21050
1790896582331070528,-0.32016,-0.33773,0.25408,0.11394,0.34347,-0.29525
1790896582632709152,-0.29430,-0.32780,0.20140,0.15040,0.33910,-0.38000
1790896582939175104,-0.32864,-0.36593,0.20330,0.15782,0.31660,-0.37714
1790896583240367584,-0.36298,-0.40406,0.20520,0.16524,0.29410,-0.37428
1790896583541608992,-0.39732,-0.44219,0.20710,0.17266,0.27160,-0.37142
1790896583843598528,-0.43166,-0.48032,0.20900,0.18008,0.24910,-0.36856
1790896584144783808,-0.46600,-0.51845,0.21090,0.18750,0.22660,-0.36570
1790896584446036288,-0.50034,-0.55658,0.21280,0.19492,0.20410,-0.36284
1790896584747688224,-0.53468,-0.59471,0.21470,0.20234,0.18160,-0.35998
1790896585048969632,-0.56902,-0.63284,0.21660,0.20976,0.15910,-0.35712
1790896585350264896,-0.60336,-0.67097,0.21850,0.21718,0.13660,-0.35426
1790896585651896352,-0.63770,-0.70910,0.22040,0.22460,0.11410,-0.35140
1790896585956482912,-0.63766,-0.67142,0.24121,0.22828,0.07762,-0.33969
1790896586257675040,-0.63762,-0.63374,0.26202,0.23196,0.04114,-0.32798
1790896586558555296,-0.63758,-0.59606,0.28283,0.23564,0.00466,-0.31627
1790896586860175616,-0.63754,-0.55838,0.30364,0.23932,-0.03182,-0.30456
1790896587161418848,-0.63750,-0.52070,0.32445,0.24300,-0.06830,-0.29285
1790896587462692160,-0.63746,-0.48302,0.34526,0.24668,-0.10478,-0.28114
1790896587764144128,-0.63742,-0.44534,0.36607,0.25036,-0.14126,-0.26943
1790896588065747264,-0.63738,-0.40766,0.38688,0.25404,-0.17774,-0.25772
1790896588367056032,-0.63734,-0.36998,0.40769,0.25772,-0.21422,-0.24601
1790896588668585280,-0.63730,-0.33230,0.42850,0.26140,-0.25070,-0.23430
1790896588974199296,-0.61844,-0.32287,0.43751,0.23450,-0.17664,-0.17763
1790896589275306496,-0.59958,-0.31344,0.44652,0.20760,-0.10258,-0.12096
1790896589576726912,-0.58072,-0.30401,0.45553,0.18070,-0.02852,-0.06429
1790896589877888704,-0.56186,-0.29458,0.46454,0.15380,0.04554,-0.00762
1790896590178835456,-0.54300,-0.28515,0.47355,0.12690,0.11960,0.04905
1790896590479850784,-0.52414,-0.27572,0.48256,0.10000,0.19366,0.10572
1790896590781118432,-0.50528,-0.26629,0.49157,0.07310,0.26772,0.16239
1790896591082374464,-0.48642,-0.25686,0.50058,0.04620,0.34178,0.21906
1790896591383722912,-0.46756,-0.24743,0.50959,0.01930,0.41584,0.27573
1790896591684763968,-0.44870,-0.23800,0.51860,-0.00760,0.48990,0.33240
1790896591990494368,-0.46760,-0.28511,0.48878,0.01562,0.45232,0.26402
1790896592291569600,-0.48650,-0.33222,0.45896,0.03884,0.41474,0.19564
1790896592592630336,-0.50540,-0.37933,0.42914,0.06206,0.37716,0.12726
1790896592894156096,-0.52430,-0.42644,0.39932,0.08528,0.33958,0.05888
1790896593195227552,-0.54320,-0.47355,0.36950,0.10850,0.30200,-0.00950
1790896593496615872,-0.56210,-0.52066,0.33968,0.13172,0.26442,-0.07788
1790896593797805152,-0.58100,-0.56777,0.30986,0.15494,0.22684,-0.14626
1790896594099094848,-0.59990,-0.61488,0.28004,0.17816,0.18926,-0.21464
1790896594400231456,-0.61880,-0.66199,0.25022,0.20138,0.15168,-0.28302
1790896594701607264,-0.63770,-0.70910,0.22040,0.22460,0.11410,-0.35140
1790896595007123456,-0.61357,-0.71040,0.24749,0.17951,0.13758,-0.26695
1790896595308210880,-0.58944,-0.71170,0.27458,0.13442,0.16106,-0.18250
1790896595609281280,-0.56531,-0.71300,0.30167,0.08933,0.18454,-0.09805
1790896595910300384,-0.54118,-0.71430,0.32876,0.04424,0.20802,-0.01360
1790896596211421728,-0.51705,-0.71560,0.35585,-0.00085,0.23150,0.07085
1790896596512463008,-0.49292,-0.71690,0.38294,-0.04594,0.25498,0.15530
1790896596813837216,-0.46879,-0.71820,0.41003,-0.09103,0.27846,0.23975
1790896597114969216,-0.44466,-0.71950,0.43712,-0.13612,0.30194,0.32420
1790896597416058464,-0.42053,-0.72080,0.46421,-0.18121,0.32542,0.40865
1790896597717133696,-0.39640,-0.72210,0.49130,-0.22630,0.34890,0.49310
