# q1,q2,q3,q4,q5,q6  (radianes)
-0.7072,-0.5941,0.23,-0.0398,-0.4301,-0.4093
-0.5692,-0.9058,0.4468,0.1897,-0.3193,0.0816
-0.5568,-0.6088,0.2314,0.1009,0.2646,0.073
-0.7639,-0.6306,0.3344,-0.2297,-0.441,0.2682
-0.5931,-0.8019,0.5128,0.2229,-0.4194,-0.0508
-0.4267,-0.612,0.6713,-0.1424,-0.4959,-0.0811
-0.1722,-0.6808,0.2828,0.0806,-0.4378,-0.4327
-0.466,-0.8702,0.472,-0.2685,-0.4998,-0.3487
-0.6377,-0.7091,0.2204,0.2246,0.1141,-0.3514
-0.3964,-0.7221,0.4913,-0.2263,0.3489,0.4931
-0.3822,-0.7066,0.3336,0.1632,0.0326,0.2791
-0.7553,-0.7765,0.4073,0.1155,0.4565,-0.0528
-0.4853,-0.8365,0.6993,0.2402,0.3404,-0.0205
-0.385,-0.6648,0.3049,0.246,-0.1462,-0.0418
-0.5242,-0.6212,0.7802,0.0339,-0.174,0.0183
-0.6839,-0.8075,0.2585,0.1017,0.2839,0.397
-0.5529,-0.4271,0.7282,-0.2142,0.3828,0.4675
-0.4487,-0.238,0.5186,-0.0076,0.4899,0.3324
-0.5417,-0.6548,0.6125,-0.0965,-0.3043,-0.1815
-0.6324,-0.7875,0.2317,0.1674,-0.2296,-0.3704
-0.6841,-0.2493,0.7076,0.181,-0.4163,0.3562
-0.6934,-0.3098,0.563,-0.0965,0.0531,0.4267
-0.3714,-0.8966,0.6215,-0.1569,-0.3905,-0.3386
-0.7194,-0.8386,0.4496,-0.117,0.2595,-0.21
-0.1525,-0.722,0.2435,-0.2221,-0.4293,0.2409
-0.391,-0.8694,0.2676,0.2048,0.3705,0.1705
-0.3489,-0.8062,0.4344,-0.0243,-0.3425,-0.0542
-0.3047,-0.7147,0.2009,-0.071,-0.0254,0.0028
-0.4784,-0.5962,0.204,-0.1415,-0.4102,-0.1005
-0.7333,-0.982,0.4434,-0.1603,0.0856,0.0292
-0.6321,-0.3313,0.6468,0.0767,0.1262,0.1807
-0.5641,-0.7968,0.7946,-0.1173,0.0678,-0.4875
-0.7029,-0.785,0.7376,0.1153,0.1757,-0.2091
-0.7943,-0.6066,0.5606,-0.1188,-0.3593,-0.156
-0.2943,-0.3278,0.2014,0.1504,0.3391,-0.38
-0.6373,-0.3323,0.4285,0.2614,-0.2507,-0.2343
-0.5323,-0.8707,0.3663,0.2436,-0.0029,-0.28
-0.2529,-0.9271,0.3913,-0.145,0.0696,0.3873
-0.7007,-0.778,0.9741,-0.2245,0.0034,0.1296
-0.6206,-0.9437,0.6195,0.0497,-0.1119,-0.2764
